;Delta;Theta;Low Alpha;High Alpha;Low Beta;High Beta;Low Gamma;Middle Gamma
0;433401;17535;13068;9074;3967;2363;956;23258
1;99278;81516;51826;2797;2059;4028;1797;31277
2;473846;30576;23601;6835;5368;8435;2337;10423
3;522854;36087;19903;14049;4077;1665;929;19296
4;1796034;1093844;394643;79953;13807;25071;27064;191609
5;1450769;919488;191140;115900;34984;65328;25633;282336
6;342606;386704;51339;61464;29158;37042;24505;54143
7;972790;37742;4232;11670;4323;1877;596;2650
8;58185;15206;1778;3563;1531;1645;538;6452
9;202970;71226;1088;1198;3686;2008;1799;17508
10;808112;248604;34754;24908;18629;12605;4187;53940
11;275017;96706;436;10069;7610;3072;2356;13133
12;268946;60340;16527;9743;5406;2519;3846;10169
13;268946;60340;16527;9743;5406;2519;3846;10169
14;270141;61840;5047;14046;7258;10937;2128;11752
15;1414609;302192;61493;49824;64869;38242;24988;45139
16;1233270;108203;51191;76568;26046;21337;8620;53789
17;91418;86297;65008;4636;7113;3675;1405;25645
18;861437;59181;15083;6421;1775;6244;3758;9790
19;861437;59181;15083;6421;1775;6244;3758;9790
20;139568;25233;30065;7676;6257;8820;3689;7395
21;190617;26424;4602;2333;4331;2511;2038;10045
22;831493;2200391;83758;264134;143220;282649;78995;145422
23;92026;70788;3222;9145;7832;15160;3171;7543
24;1500131;13136;20585;4164;5942;5331;1521;4536
25;640650;305592;31024;15288;11596;26274;18878;48469
26;672473;65113;5194;5027;16191;8116;6356;16337
27;1064069;277438;22228;14323;15312;8724;8287;35726
28;933149;32635;2095;3014;5927;3565;2142;7843
29;1058368;67038;59590;7937;31788;19978;5379;15549
30;1476091;336995;9772;20130;54119;24192;10922;41826
31;43832;9187;636;565;689;1261;332;3310
32;43832;9187;636;565;689;1261;332;3310
33;202062;12418;22860;2540;2900;1840;2054;15075
34;112251;56032;12313;5917;4860;2646;1253;18673
35;15463;6044;953;2122;745;421;308;1924
36;319920;36201;5755;10602;2778;1943;1563;7437
37;98375;77992;26705;17154;14761;4675;8061;5388
38;625597;252202;20075;27758;21855;22724;8055;18807
39;625597;252202;20075;27758;21855;22724;8055;18807
40;189850;25121;12201;10676;1612;1447;1282;13500
41;411474;56633;13223;6351;4776;2567;1545;24414
42;206468;70200;18729;2129;1282;2164;338;8681
43;623756;50748;18086;5406;4349;5775;1857;8175
44;982374;102728;14784;7108;6419;9574;2522;10042
45;886708;142395;23491;78806;26111;14232;5461;55547
46;644307;131710;39164;47033;50445;19987;4595;60994
47;510083;486193;54402;31480;34156;27635;13598;62919
48;1190826;373960;69525;28628;49728;24479;13625;92840
49;1845906;202706;50389;81977;29398;21841;19113;67055
50;110405;7773;3972;917;1894;1562;393;3994
51;354264;89775;22474;9527;18519;8345;2202;15239
52;739726;45943;3036;6035;9595;7610;1150;21363
53;1041352;1426391;361010;84537;62410;54187;57821;261759
54;113592;45519;19341;28609;10189;6856;3257;19428
55;1001774;237739;99460;54018;17697;26276;39125;65120
56;858171;45126;11185;17492;6725;11912;3110;37172
57;1060564;155148;108120;12652;21231;17694;10766;70631
58;1696154;307383;32810;31630;21351;19549;15978;29821
59;1696154;307383;32810;31630;21351;19549;15978;29821
60;1121078;174005;52634;84398;65218;26929;30172;41087
61;1064400;331630;130053;95295;120169;69075;33201;16866
62;978630;217015;65538;52386;36870;107605;64184;37162
63;1209399;751433;83216;36146;97454;108870;49394;42845
64;663826;128790;36887;46966;28142;34108;21822;42581
65;387321;50769;21634;11070;12452;10048;4261;13309
66;1129298;121837;30259;17553;16479;9861;12023;40006
67;464738;47725;16312;20169;11063;7859;3834;10211
68;2039092;414879;160309;59561;118079;39512;24938;210033
69;1075530;118598;38133;3624;24300;10552;8213;43142
70;578046;85286;95231;16866;12638;12456;3514;41305
71;123078;57283;12204;8039;3703;4974;2806;11123
72;1712329;1782814;230238;305561;48252;68849;92412;134743
73;875161;324653;30207;81325;105908;20297;17132;52502
74;128299;8784;2176;849;924;1441;376;640
75;1059884;143267;23960;15380;10357;15559;9159;21125
76;78712;28630;3633;7842;9201;2683;1191;8076
77;172671;35438;10523;10326;36595;7018;3343;10740
78;496294;28219;26687;9969;7009;3277;3557;9512
79;840515;64382;5977;22447;5987;16327;4306;16019
80;1263163;397692;73735;48234;38780;34444;28818;15657
81;2183087;1576047;401959;511573;327625;105878;79351;61674
82;1572889;100677;5067;29406;21175;15396;8203;5136
83;1335592;238838;43881;30375;179112;62993;23745;30611
84;987241;21230;3795;5975;2386;4474;4045;3689
85;209179;47607;26329;15131;6144;4596;2541;1801
86;209179;47607;26329;15131;6144;4596;2541;1801
87;628391;877384;104730;12159;17322;16854;14208;29281
88;650320;11261;16097;10287;12821;3848;3117;17562
89;2866746;253842;69945;48958;25223;38859;10675;20783
90;868735;2002001;39589;106839;76025;76850;31898;47047
91;566590;80459;30765;40065;44047;24452;2838;1988
92;557968;35100;12186;14982;13405;5315;2073;8450
93;557968;35100;12186;14982;13405;5315;2073;8450
94;1777232;160882;232848;76158;46803;132786;8492;19767
95;848859;506658;76428;36748;68500;41599;30113;20126
96;554104;87763;12876;8163;28750;18343;5207;11794
97;181574;129258;33865;17624;5868;16346;8402;10190
98;640504;36167;24955;1784;2350;2760;1407;9534
99;276846;83594;16330;4750;5344;9553;3656;4768
100;1791140;80105;40594;66560;43544;48230;31657;30699
101;807330;245269;3806;27284;33251;22515;15020;52633
102;1195489;198980;58904;17187;23008;15125;14011;23279
103;798492;30313;11920;1909;7643;4234;2548;5127
104;192932;21654;18178;7778;15625;3024;1221;6208
105;69503;91996;9642;4683;3467;4653;935;6560
106;1176244;189746;4237;32042;10864;13916;7791;64413
107;103462;60689;13400;1384;5824;4323;3593;3619
108;3177939;977154;160477;222652;329066;168863;17398;56163
109;615116;30145;9955;19879;4408;5023;3601;17525
110;1848718;147096;23661;42661;12406;35069;12730;25979
111;544063;146943;39201;18268;36806;29849;25546;17204
112;132146;50931;4618;20439;8290;7703;10799;4088
113;132146;50931;4618;20439;8290;7703;10799;4088
114;162976;51143;12443;3046;4756;9307;2978;7322
115;541632;150582;68253;29824;37345;24055;6170;21254
116;81390;5733;1147;1656;583;445;2033;1321
117;756539;64201;15375;10944;3529;5682;2474;8567
118;875705;62017;43449;5614;8183;9574;2348;6205
119;1755324;246871;107814;73411;36034;41403;17011;11319
120;1755324;246871;107814;73411;36034;41403;17011;11319
121;1531113;353940;506884;23781;94867;87188;26666;41416
122;2947231;1649320;73892;226478;45257;27293;11754;23436
123;844891;75753;20863;16020;13967;11657;3459;12718
124;1322522;28841;20031;7421;4640;6805;2411;3366
125;1478206;117286;29480;63568;14582;27892;14801;35916
126;1341118;381875;135016;45611;16313;26188;31013;8636
127;153006;97681;2673;9441;6566;8912;2655;5058
128;54106;74495;20739;6350;4531;10175;6846;2952
129;2234645;990863;104356;156447;95049;147486;35899;61814
130;296822;16853;6736;4204;1994;3484;2130;3517
131;1253587;200820;106679;32219;15019;15485;9817;15765
132;77929;13065;11962;7092;5111;3172;4033;5154
133;1738524;106470;46192;51813;16373;20182;4916;17430
134;1192011;480006;8172;47186;29886;26693;8956;9847
135;699121;726232;211026;85102;153657;68869;53719;86271
136;978967;255194;7485;41047;13700;10441;5134;9069
137;1363927;142117;21901;25398;34788;41780;17761;104555
138;1531869;179712;6917;14432;7387;11607;4117;13458
139;791947;28730;2385;2088;2674;4752;3808;1665
140;791947;28730;2385;2088;2674;4752;3808;1665
141;301290;428092;37459;86303;10441;23224;12366;16287
142;738898;328713;24683;34608;35249;17411;12857;55871
143;295307;15230;11098;11197;4494;5040;3646;10107
144;2309437;39954;27292;150763;31321;22095;16164;29926
145;1292474;80467;33432;14136;23170;9431;6131;42634
146;458435;214378;5873;18612;25636;5005;4618;39690
147;458435;214378;5873;18612;25636;5005;4618;39690
148;167812;40697;3178;5474;13032;4926;2214;8659
149;1121935;184382;29043;6640;37343;17728;5866;31438
150;72556;33674;3451;3760;8015;4923;1840;9766
151;547066;36891;9661;2586;5602;4925;3089;8871
152;76129;170678;10385;4904;4727;4450;3401;11832
153;1576565;238961;40147;23447;12396;18851;14576;70181
154;478974;50395;1218;1941;9716;3646;2187;6562
155;397451;142866;46601;20036;36626;23733;7503;39897
156;742885;57111;62967;17720;5744;17334;11300;59368
157;406578;140620;36140;17567;27101;10150;7480;6015
158;100364;8988;216;895;372;608;445;97
159;619432;113381;45775;14141;10779;7835;3541;4473
160;619432;113381;45775;14141;10779;7835;3541;4473
161;2037279;168161;28396;14888;23713;21896;23155;12470
162;645894;27020;9632;1727;2779;3582;1179;1295
163;416500;168026;13104;5309;8159;6634;2941;2846
164;1901584;96968;21969;15492;14468;10911;14438;3731
165;1263978;273542;75462;37076;66201;35089;33459;13384
166;422002;170642;50504;16067;12453;13075;9862;3419
167;422002;170642;50504;16067;12453;13075;9862;3419
168;1246963;105070;38948;19598;15009;21302;11601;3335
169;131243;12223;246;375;400;1052;336;125
170;1518816;92476;60827;7249;16490;12544;7624;2640
171;819454;234810;53844;39859;15829;35300;16037;12936
172;477470;235956;13499;17030;26580;7985;7313;12110
173;1147388;506565;50818;30377;53174;71464;46986;22376
174;1440402;1065872;130285;87720;90053;20401;157504;151564
175;1971052;135767;14321;5035;56114;8458;2741;30145
176;281773;27489;3114;1332;5560;3616;2423;5265
177;707123;159641;18504;4183;15809;11668;5257;16947
178;5387;108397;5355;7084;2056;1911;1558;5494
179;829321;67293;47488;30924;32354;10796;5006;43074
180;1168441;48567;14149;12694;6325;13577;12319;28387
181;885174;121822;10135;15009;20371;10064;4889;42922
182;1011604;502585;201239;31232;41841;11823;13130;8066
183;886751;61391;18884;52259;40041;17550;7324;32651
184;1341624;93095;14948;15147;11406;8621;8297;13177
185;276173;145778;15371;23518;6802;3188;3104;15321
186;1304069;73231;21346;9218;14215;27290;12468;20541
187;1304069;73231;21346;9218;14215;27290;12468;20541
188;800372;118869;5144;29630;19281;11242;10949;6535
189;1122598;90568;29369;5126;5505;11184;5116;8227
190;1373336;245184;22974;5494;8735;7509;3860;9462
191;1409900;738623;91082;107591;47262;45803;11281;17859
192;567327;414792;267093;103317;47877;34982;75709;23290
193;1280303;14079;29980;27867;6595;17833;5778;3454
194;1280303;14079;29980;27867;6595;17833;5778;3454
195;1323061;24452;22136;8010;6891;4465;7976;7067
196;362653;72901;24883;3505;6632;9220;10100;9093
197;546983;98098;18556;11303;4502;9186;2561;13743
198;1190921;84967;3043;11516;4491;11678;7787;16211
199;772412;73568;22123;9281;22577;6645;8543;12744
200;166060;67994;2136;2051;1528;7506;3102;2227
201;426017;184032;42076;12390;14857;10408;9174;8592
202;870682;166970;5236;15713;3495;8066;5839;6465
203;615540;115322;7009;11936;6610;5774;6960;10023
204;1058106;134350;2400;5771;19476;15567;6328;3347
205;40199;3955;611;1247;821;651;228;224
206;62419;50475;8511;1391;5411;2595;1730;2743
207;897718;92234;25408;4531;6376;6617;6461;7497
208;844067;75888;7111;20860;9887;5280;15250;2548
209;830660;173724;14710;3534;11121;11124;10019;13634
210;1195410;633131;82951;29518;35141;27760;14076;42690
211;1431742;371239;131941;28187;46607;58339;9996;175306
212;1060457;459095;143843;11631;97775;106795;38153;48707
213;642454;177748;70370;62960;21784;21356;25859;51728
214;642454;177748;70370;62960;21784;21356;25859;51728
215;1109230;850608;720302;193605;263169;67588;29899;267781
216;65788;33226;11433;5782;2267;2820;420;7719
217;1350501;65977;5652;5188;10929;6112;4005;44581
218;395562;89780;14839;7489;4829;8995;9382;30694
219;1232351;201288;46926;6078;31047;12418;7380;31341
220;648494;63135;8941;3135;6135;3873;3765;6348
221;648494;63135;8941;3135;6135;3873;3765;6348
222;207697;30738;6713;3639;1492;1374;1149;7288
223;1843924;80320;67648;22506;30118;41634;10174;47042
224;1084678;451922;152740;86786;47404;35023;18711;200122
225;1686303;1543956;305198;31560;11874;95561;32930;134230
226;775194;65606;10630;7944;1854;3326;3784;35859
227;1916509;759644;82769;85697;57617;70018;26908;51318
228;903843;48265;24351;31087;15807;21179;10533;10367
229;130827;35780;2497;3146;1320;2277;771;2564
230;560685;755449;84536;198826;44176;78719;92827;59072
231;1211987;165220;47245;55645;23359;21860;7369;19698
232;1097260;44511;24197;4397;3346;2982;1736;2035
233;156392;17513;5672;3361;4061;1550;1122;2082
234;1371201;1458647;64817;133975;93055;173340;31397;18099
235;1897659;189784;10947;18978;16032;9027;3337;54460
236;1834224;158982;22859;8799;33069;31157;15492;39848
237;643221;78686;2803;12159;10382;9769;9110;25793
238;675959;79552;9760;1608;4894;7030;3393;10166
239;951660;69737;19771;25319;9186;9633;9528;22072
240;387447;167413;9308;10825;10895;14940;8613;36264
241;387447;167413;9308;10825;10895;14940;8613;36264
242;161979;9868;6511;6436;4860;4773;1699;4713
243;962395;107797;29948;47307;22158;14384;8305;15935
244;1322426;86014;32651;34469;20179;5566;5309;33348
245;558404;133897;35568;13943;6258;12029;6199;23854
246;541825;84785;32643;11532;12153;11445;5481;49827
247;2216461;122584;23740;24425;11647;11110;5640;32709
248;2216461;122584;23740;24425;11647;11110;5640;32709
249;97509;88211;14254;1073;2573;3320;693;2980
250;977800;69940;64360;22235;25126;15310;9612;36812
251;1679446;84708;15858;24259;19603;10157;6672;19167
252;2009136;385663;101303;26806;21346;13072;6657;11085
253;2261837;527782;161765;41036;237236;75116;18124;27277
254;400620;196112;18766;4408;12103;14630;5536;18109
255;1579548;101075;30992;7530;8385;8178;4166;16168
256;1914744;49258;7519;3753;8154;8834;13906;14126
257;272745;2687;7578;3983;2564;1403;1975;3724
258;30279;27471;5443;2802;1653;2716;1262;3740
259;171912;66333;1356;5831;4558;2459;2043;1196
260;2260501;96435;47817;35455;29155;13018;5684;22526
261;2260501;96435;47817;35455;29155;13018;5684;22526
262;248641;27492;2931;3019;2389;3333;2044;3316
263;212660;27356;5249;3692;2496;2733;1436;10453
264;1112800;20252;10967;24273;3281;6049;3615;25814
265;43748;39399;1421;2969;1001;1477;784;6285
266;52646;18124;7550;3351;1018;1280;1196;4570
267;901320;518894;10018;10469;35347;26677;20067;46637
268;901320;518894;10018;10469;35347;26677;20067;46637
269;489937;108387;22602;12887;29185;20277;8167;27381
270;443837;263547;18018;7802;9212;10227;2009;19288
271;973373;395163;133640;34817;21947;18341;12650;66364
272;2223436;250619;9738;23458;16706;6828;6152;35040
273;1511469;84797;31941;15060;12910;19026;3519;35710
274;1143500;312583;7818;3393;20500;6333;2796;15634
275;986882;125180;29122;5715;17103;8743;5285;7474
276;31343;16382;2776;619;815;726;273;1008
277;477743;171675;3681;29630;6981;21832;7608;33249
278;286256;731040;263366;13495;72891;108196;27354;63592
279;120700;59753;7286;2907;3593;5790;2026;4652
280;831348;65173;4712;33738;22483;25235;11359;36669
281;1700028;44774;14267;29543;7513;10483;2878;11930
282;2018283;40899;16734;23407;11658;8223;6489;9659
283;582682;217992;16124;39266;12092;21768;6474;19216
284;1595710;343422;96828;27081;162808;30428;19530;64076
285;489746;208882;39170;35290;29228;14253;2637;17347
286;358757;60381;3707;6584;3011;4103;3248;3319
287;301155;236195;3526;55054;4670;25502;5778;10295
288;301155;236195;3526;55054;4670;25502;5778;10295
289;747464;228396;41832;55766;49777;20740;10272;24596
290;261770;30096;12056;8405;3232;3246;2992;5499
291;1493155;171114;7825;6278;20844;13946;6955;24251
292;149345;72838;5216;5301;2628;4239;646;12201
293;142179;103201;14677;18659;2404;13970;8751;59917
294;83907;39712;3233;2424;2833;1893;1582;13074
295;83907;39712;3233;2424;2833;1893;1582;13074
296;679022;367581;27391;16920;10445;14626;4590;55301
297;628262;447875;19777;12509;22188;15590;4892;49043
298;1450184;1006472;197841;58264;44447;35401;27217;180526
299;1257384;517660;56521;9411;13548;18241;6045;55979
300;1952129;334467;47490;25954;17427;25141;17001;52760
301;436058;296285;105713;50776;46526;13935;12746;22899
302;610500;188648;17760;62912;50923;14426;10438;12710
303;1089276;303333;25017;26542;18444;14631;10422;13078
304;1591081;82676;52006;14340;16312;17321;7214;2278
305;3067081;290849;77353;108801;137067;128280;99080;60268
306;449837;67494;873;5421;2398;5207;4434;2738
307;325203;62217;9824;1570;887;9222;2436;2343
308;855793;151499;20750;21194;12719;13218;6291;6747
309;735724;83056;28386;44729;16659;24614;10713;5170
310;409952;26805;6821;4391;4336;2591;1576;1028
311;2237438;157095;137706;29221;64561;32144;20348;15320
312;569756;151675;19562;22201;24092;9804;4533;13497
313;1082237;106132;6434;8838;3564;13156;11687;33159
314;1188316;341872;14907;31491;5811;5922;8970;59186
315;197818;15217;2499;5826;3615;2442;1713;4070
316;168946;6171;1231;6713;3290;1809;541;1947
317;1260036;700450;162561;75551;94007;58859;35018;51586
318;43049;17727;3578;2487;1210;3310;2046;6674
319;444705;82895;5817;7599;4335;6011;4027;4726
320;1846366;164002;7331;10059;7890;9275;5493;7598
321;543934;245877;58336;21619;22164;11667;8068;35911
322;562958;128580;133914;8542;13086;11243;5464;8904
323;62880;33021;10050;11839;2268;3919;2103;12765
324;788225;19443;1017;4781;3827;5218;1102;568
325;24905;36761;2729;2510;2940;2202;1703;610
326;1034933;79535;55786;11401;12512;6729;8336;1905
327;604588;110237;6404;39556;16342;8778;6617;20135
328;592256;892123;56774;68193;68829;40854;19139;25678
329;51369;10863;2782;644;717;734;422;1478
330;39078;14890;704;2157;4910;3579;2187;6280
331;2043242;1578338;87318;37937;45554;24844;21244;94205
332;1134211;32184;5031;5894;1910;6969;4196;6301
333;1328603;294842;215762;106199;27368;38331;70537;79032
334;1152011;249003;13520;14114;22700;18980;8814;12868
335;109020;17400;339;3484;2120;854;2148;1743
336;1649911;74904;6442;29028;44846;59521;10320;32651
337;334913;33848;5745;2084;1551;4623;946;8667
338;1072295;65625;5448;12432;8209;24337;5564;9808
339;323454;209994;29868;1520;19355;12814;3701;10986
340;125571;48519;12323;1476;3556;1503;2496;9544
341;655231;119272;8092;3751;9721;8536;5728;8770
342;655231;119272;8092;3751;9721;8536;5728;8770
343;869041;135405;19378;13940;16805;13065;8562;10445
344;1641492;270452;40676;39552;99351;44695;20584;34656
345;1010995;58686;33469;2773;8714;9912;8892;13284
346;999393;103572;13910;18935;6900;9674;2930;20861
347;999393;103572;13910;18935;6900;9674;2930;20861
348;483766;281766;4596;6717;9464;9149;6630;13398
349;1243549;295822;60863;48839;65125;24453;23323;237328
350;1243549;295822;60863;48839;65125;24453;23323;237328
351;698016;661154;181650;30880;62870;31412;19699;16054
352;1995621;61579;23589;23706;10830;16594;16259;2535
353;405531;220569;14906;17386;7728;9076;5538;1787
354;355594;47714;15524;2153;6824;2208;2666;1452
355;1972577;1728407;127155;52809;106808;99879;41984;8239
356;689677;74638;23372;9210;9824;14996;7386;3484
357;689677;74638;23372;9210;9824;14996;7386;3484
358;1431630;64364;19582;8958;19782;8993;10613;9814
359;2827566;1160556;107517;47529;35083;45100;34401;18726
360;899018;83488;22367;14113;12252;14619;4683;1954
361;606063;20287;2779;4929;5136;2904;1366;976
362;199218;140116;12221;14494;7767;14349;3322;4076
363;1192055;145237;55065;3948;4591;11600;8311;6237
364;1102242;285831;5014;10321;11594;8823;16188;10706
365;1085263;132687;40088;12180;12821;5777;4927;40460
366;150729;36557;5137;1653;1981;2883;1094;8576
367;85113;42367;2085;6624;1905;3178;811;3995
368;85113;42367;2085;6624;1905;3178;811;3995
369;937456;379491;244386;12700;32080;71650;25915;78912
370;188604;40783;5797;3405;1635;2989;5152;3542
371;372976;11196;2705;2867;1324;1578;1380;6545
372;987146;42838;26804;27810;17181;9606;5147;20588
373;1376402;123451;40856;11519;25553;17970;14996;69039
374;557607;119853;34945;18537;7977;7716;6422;4397
375;1182757;266952;47865;3930;11554;11694;8682;1443
376;1638783;55019;18405;20583;4371;8655;4972;2780
377;773570;699059;153050;90356;41821;23373;22346;22842
378;76643;5914;4318;8043;2873;2522;743;773
379;2389774;184205;30440;30283;23835;49949;16307;15736
380;2387416;814524;15339;42086;67655;99119;14245;29065
381;527429;19809;8014;2084;1453;3329;1965;5236
382;1593766;361122;98915;53529;56913;47636;19700;108045
383;127712;51286;12615;6459;2290;5817;3931;14194
384;541505;97143;24447;12178;25921;14604;11884;29978
385;884874;199027;42293;13668;19462;11675;4790;30137
386;816985;144787;24716;7627;8100;9740;4467;35322
387;451900;9479;13101;3168;3787;2517;1577;10711
388;1665777;256545;26404;15374;14987;21740;8969;43427
389;1795379;131028;32474;16693;21204;8731;19361;29603
390;118146;19004;28811;3169;5609;5453;2094;4282
391;109281;38873;43382;6576;2895;7963;2422;5509
392;1887260;1146216;97762;227328;226655;79726;67603;63638
393;173433;39331;13309;8127;8276;2645;962;5522
394;163315;174239;41833;8634;10050;10288;5608;30778
395;163315;174239;41833;8634;10050;10288;5608;30778
396;75043;26340;3094;840;2896;2243;2737;7421
397;333813;535195;18123;5185;11827;9952;10330;12423
398;107824;73057;5037;3545;4158;4343;2370;4698
399;337576;541920;30596;25654;4538;6238;20153;21143
400;1461103;393070;65963;65697;109112;47344;34005;123595
401;1982379;957975;80650;141624;29445;56794;32134;124998
402;1570460;105034;17896;24076;22348;14347;23648;75602
403;632296;73890;13539;3034;5653;17423;4228;4932
404;84236;17093;2767;4398;1895;1989;1903;670
405;1902122;102813;11853;9347;22562;9498;7943;4034
406;1176059;153493;9506;2521;11591;10169;16310;2872
407;253825;89635;11110;18690;22878;15190;6108;3976
408;741103;120974;22137;12378;10639;15024;7358;2685
409;600775;261270;21936;16265;34962;11882;2296;1986
410;2133877;135818;42556;20423;21846;18300;9947;7711
411;600669;174426;4017;30206;26023;15235;8083;3954
412;1915300;1763640;64437;20361;110271;74668;37848;26225
413;1390111;106542;26607;9423;18011;18390;11990;3781
414;13522;22618;18351;4901;2359;2426;2511;364
415;13522;22618;18351;4901;2359;2426;2511;364
416;1098233;160751;25644;18402;7456;6396;11615;5248
417;1732421;237037;11140;12263;16612;16189;9315;14183
418;216020;115164;10968;3129;2439;3169;2441;4109
419;1265800;320802;39101;29078;31706;29021;9055;11005
420;91473;11343;8021;7981;1290;1691;1839;3368
421;885784;73589;13639;10532;24034;11249;9634;20900
422;885784;73589;13639;10532;24034;11249;9634;20900
423;556885;187546;23781;18153;11689;11542;5859;15993
424;483086;1493155;31280;29550;56644;40141;28717;47167
425;1099309;1678930;87946;33894;94920;72199;62370;50492
426;487250;22061;10912;1137;4375;5950;3661;3126
427;214871;11946;7668;2377;1816;3810;952;2690
428;793965;88608;30380;16197;13722;10805;10105;5579
429;656091;27873;14259;5758;10823;6579;8430;6587
430;1582132;358501;10781;12226;25502;17375;9507;12585
431;569422;133637;43585;7364;19702;16336;9828;14622
432;1722483;699656;104020;17306;82145;34164;23209;80899
433;219770;249809;86697;7342;16262;16862;9692;35616
434;432033;85607;6164;8537;4627;3448;1459;6319
435;432033;85607;6164;8537;4627;3448;1459;6319
436;246046;201204;30032;12642;9015;10619;6012;7245
437;1182485;165014;34099;6626;15237;8456;6235;27933
438;98561;24662;5739;4227;2015;1412;3806;3681
439;1119941;762791;121309;18946;36285;79880;26110;48930
440;709858;209496;6411;56415;29793;17790;7510;10574
441;195336;151410;9437;2839;10991;16050;5035;14684
442;1807721;405446;5582;24748;15156;7111;7222;19647
443;802551;256521;5686;9863;11421;8508;5315;25901
444;214598;12731;3928;2313;1940;3777;1766;4126
445;978978;791583;136702;87968;11448;39221;18497;75015
446;266726;32260;1327;5856;3926;3480;1273;6387
447;1374657;81930;12209;16007;12613;7293;9381;20275
448;60717;21037;6185;4972;4056;3349;1904;9014
449;138762;77584;13557;4296;5752;3130;3895;8511
450;2245207;1089787;251664;24236;63710;117422;39435;10068
451;1017829;35478;7914;9024;8462;11062;4893;5974
452;1169170;73296;10765;5993;13300;7595;14403;2583
453;866825;88086;11433;9785;8746;9463;8153;2150
454;1361302;387505;22172;6980;9814;4351;6718;3437
455;438944;177364;16999;38819;10864;12317;20302;2673
456;393836;38273;3448;10073;6153;10818;8144;1816
457;1847781;412187;196355;128781;30983;54339;43328;48468
458;2781257;355164;133212;149216;66365;68331;100448;28751
459;1383105;79395;10125;18430;16114;29019;12541;23016
460;1614422;150462;57638;12507;8010;8547;7264;10439
461;400910;100147;5959;17410;5660;23070;4189;12606
462;1631976;152620;36970;9426;12475;23374;3771;17944
463;131744;51534;1437;3391;1879;1718;1482;5475
464;467086;36223;5101;6915;3194;3036;1435;6228
465;875608;141853;15021;13961;10154;12477;9569;17565
466;909396;138070;38496;41009;17518;6157;4879;13377
467;1909629;156266;13886;20503;13482;30384;9563;6607
468;1605956;284912;26630;43142;36436;37159;26587;44975
469;462528;188132;42089;22383;11013;6422;7480;32107
470;567203;52583;3858;4714;2425;4122;2702;3111
471;209190;141270;12264;5721;8495;37674;5860;28407
472;1732185;171188;36339;29632;29157;68007;15432;45562
473;2407758;52531;57266;11322;5854;6450;6367;14950
474;1755226;111229;39354;20151;31734;9577;5759;34263
475;43955;19961;6664;1676;2918;1273;1501;1358
476;171510;35549;14707;2228;6858;3063;3817;985
477;833923;137478;108992;9268;26384;21776;4182;12237
478;711761;16272;6344;5981;5362;1535;2077;8214
479;644404;128670;33785;9932;29685;10748;3210;15883
480;492634;418265;102588;30682;41248;34899;19851;64343
481;90338;9214;2706;2925;1499;2524;1374;3079
482;848185;349830;13840;10175;13163;16883;11284;17371
483;825223;195989;45103;52027;42538;37800;29010;40047
484;194593;23416;2262;2053;1959;4130;1348;2777
485;960172;16567;5621;3548;2731;1706;756;4310
486;658369;76908;27235;10906;7257;14751;5320;14008
487;572951;243798;3502;17126;12967;15690;5536;19351
488;1874324;621812;36779;32859;19468;34507;24791;66708
489;1874324;621812;36779;32859;19468;34507;24791;66708
490;228185;109780;8167;4250;10669;14122;5522;12307
491;1608380;14558;1356;22545;17979;8410;20387;35922
492;2003426;194309;10058;5152;5934;5976;6328;18485
493;1788557;238836;125687;44664;27320;93681;41343;78196
494;2455382;118657;20736;14329;7327;9333;9643;22297
495;657120;261063;45338;13542;3040;16276;5134;26663
496;657120;261063;45338;13542;3040;16276;5134;26663
497;408480;76509;11086;8331;28316;9982;6431;17518
498;41135;52721;387;6925;3899;2466;866;5240
499;1572409;506863;6212;10701;29413;17327;6021;18956
500;959302;163652;16165;15573;9444;17225;10723;20694
501;1043389;184609;6721;4490;19345;12855;6326;22408
502;2320455;482348;84645;73992;54097;22606;12770;102387
503;591148;89950;42792;14137;11686;9999;8572;25004
504;209598;46550;2436;4584;7320;1256;964;8784
505;106605;26344;8596;6770;2305;2313;2191;5176
506;960703;156882;24894;6964;7825;14695;9057;27224
507;1028802;54799;18683;16306;19621;8519;5411;20429
508;21723;15143;9931;3997;3838;2449;991;4563
509;21723;15143;9931;3997;3838;2449;991;4563
510;1320114;139489;10846;4218;11377;13442;4718;22823
511;49615;22249;1360;2170;2315;2752;1562;6154
512;568524;614212;2888;35876;32187;35409;16838;90443
513;1394956;60941;29073;1686;9818;12541;7131;20233
514;125603;30103;4667;2654;2870;1455;4301;6981
515;224756;33766;8853;2494;2785;3585;1854;7212
516;224756;33766;8853;2494;2785;3585;1854;7212
517;2088146;286511;89262;53221;43746;70874;17154;68335
518;3628962;307974;137695;25186;35653;24677;20346;64363
519;702790;96298;18916;33978;6363;9509;7860;8630
520;654167;72829;8295;7594;15149;14015;5185;7144
521;198755;24147;6962;6891;4463;1484;5707;1374
522;41498;25968;2680;949;3863;1824;789;5517
523;1385701;59034;64978;37773;16671;5082;12283;66266
524;1429463;358820;25630;21750;80197;32087;71023;11353
525;1646072;49668;18201;5747;11249;11133;3520;1677
526;1546844;35154;45628;1885;10857;13675;8114;1962
527;1507362;155760;128735;70912;43428;55115;16023;29832
528;1240889;66828;16215;10627;19745;10788;4713;3670
529;1746334;90569;19353;16896;24867;11885;7408;3570
530;683881;57827;11432;21609;14312;17770;8605;3029
531;789345;60902;19623;8659;8806;13308;2390;2213
532;2270680;362114;59815;71409;55099;22030;21014;11328
533;881544;29310;7025;3093;3676;2008;2476;1354
534;1832028;105951;29806;30442;48122;67391;49122;69107
535;1002832;610251;61173;5978;5098;9571;4741;25848
536;1002832;610251;61173;5978;5098;9571;4741;25848
537;956699;176756;39056;17551;15720;11469;9504;21909
538;23578;21439;11031;2119;6139;3922;1444;4329
539;1063323;53884;8918;29797;14612;13446;8429;14759
540;224047;64947;8848;5332;2057;1736;2575;5477
541;1016792;206039;64923;123227;78899;32917;40580;126008
542;287160;22854;3075;3746;4032;4039;1154;12600
543;287160;22854;3075;3746;4032;4039;1154;12600
544;230459;61879;5104;14219;11376;9023;4678;23247
545;289245;91937;15625;13119;12585;8750;6751;32298
546;2126110;1053182;64903;56317;17135;34339;38625;110725
547;413591;132917;3330;7510;10596;14847;4622;39784
548;1024202;1379390;27090;76510;53876;101769;46745;185266
549;1147289;82677;38793;32522;30292;17423;38402;39199
550;1004553;148794;57845;4439;23332;25190;11845;15040
551;1213571;73209;28234;43202;8197;26701;12946;3772
552;777970;238046;44804;29688;49884;15514;5434;3907
553;1204338;64427;43641;13128;5331;8520;5161;4055
554;391576;14218;2247;1774;1089;3185;1197;611
555;816522;53719;23892;6093;21032;7256;3956;2188
556;2627825;649585;81032;62900;14950;30376;25058;52878
557;824497;61819;16987;32187;12014;8970;10638;24136
558;459303;85009;26113;23871;7161;10062;2201;43881
559;236026;118091;2945;1454;3595;1737;1698;7102
560;1664920;73626;29200;9499;12892;6202;3946;25696
561;668509;36166;7453;3391;2683;2956;1253;8473
562;68512;14177;13410;2237;2516;1639;4797;4904
563;68512;14177;13410;2237;2516;1639;4797;4904
564;491250;27128;25311;8421;9507;5982;4222;12742
565;348523;136877;20314;10261;14198;9451;3434;12832
566;12218;5663;822;310;803;579;255;670
567;363498;35289;2126;5775;863;3066;1589;2995
568;859000;114172;15287;7131;16273;8504;11270;27922
569;1146782;107415;15943;22636;11628;11439;4351;7780
570;1146782;107415;15943;22636;11628;11439;4351;7780
571;684472;1201634;45666;12991;55102;66535;20290;19648
572;557967;74259;5009;5157;2603;7858;3130;6382
573;2650038;290167;45814;43420;42216;81858;19789;13885
574;851121;306171;3721;19708;7502;7985;6550;3581
575;360007;52899;5668;3777;2850;1666;1584;464
576;1398042;163989;1607;30712;16054;13065;4847;3756
577;1051050;101056;5694;64750;3632;6534;5819;2483
578;2790422;254987;14878;167825;50521;48838;33467;8918
579;2644885;504174;26798;97137;41982;41381;20323;15093
580;449233;565363;62814;11015;9204;20753;28385;6936
581;296034;47227;23571;6119;12804;11969;4634;32991
582;661921;142944;26427;22020;11632;11006;7465;14730
583;1615010;129799;15340;7086;11858;15248;10091;48225
584;899816;141418;18775;13967;7023;6819;6487;25861
585;899816;141418;18775;13967;7023;6819;6487;25861
586;899816;141418;18775;13967;7023;6819;6487;25861
587;1484480;133678;48028;18494;8249;13394;9513;64562
588;80004;9204;2682;5191;2380;1480;881;829
589;962633;139430;11045;27143;6976;15806;8347;2201
590;962633;139430;11045;27143;6976;15806;8347;2201
591;962633;139430;11045;27143;6976;15806;8347;2201
592;952373;127538;35326;22892;13828;7061;4928;4060
593;952373;127538;35326;22892;13828;7061;4928;4060
594;952373;127538;35326;22892;13828;7061;4928;4060
595;952373;127538;35326;22892;13828;7061;4928;4060
596;952373;127538;35326;22892;13828;7061;4928;4060
597;952373;127538;35326;22892;13828;7061;4928;4060
598;1800864;237224;17893;29203;9875;20612;10050;16026
599;339968;69213;19865;13771;4817;7884;5532;14344
600;184781;29791;7119;22546;11606;3012;4742;1679
601;1054018;80504;2556;3860;12021;10017;2918;1659
602;363651;91074;11135;2623;10265;10547;3539;2690
603;244881;103648;1179;20765;6868;7571;7644;3268
604;886320;22115;29539;6447;6628;9096;4326;1823
605;129015;56779;12956;7630;2075;7882;4044;2233
606;129015;56779;12956;7630;2075;7882;4044;2233
607;1011556;278687;99758;103345;19910;14055;11608;5551
608;848139;98328;25958;16954;14159;8099;4867;2763
609;788909;309980;23754;119571;40777;31178;15423;7512
610;815487;319246;14764;23120;31621;30301;12961;7376
611;581979;144990;59870;37377;63045;132433;37998;32141
612;868704;30871;5395;10538;5880;6013;3048;1454
613;868704;30871;5395;10538;5880;6013;3048;1454
614;120501;133689;21001;14867;5735;16964;4045;963
615;337801;44811;1244;9237;20773;13874;2855;4402
616;1132531;157744;34059;11139;15738;19100;4026;1341
617;889215;46473;10659;9714;10067;7067;4082;2888
618;141999;141703;4152;38572;3828;12842;4719;2352
619;383088;88984;53353;35774;61768;46486;17683;9695
620;1093057;108656;12670;9556;7293;8343;3960;1273
621;200897;56125;10669;4726;1996;11399;3793;2757
622;99232;24445;2870;5247;2570;2124;1636;516
623;172393;31518;3614;3378;2630;1308;1363;740
624;921221;16082;9995;19228;2134;10405;5742;3637
625;2577103;502572;60747;35119;39598;44862;28524;6741
626;1295158;17208;49061;15097;11882;11018;5828;1445
627;69266;24554;4276;2167;1930;3352;1740;445
628;2163378;230267;11579;34573;79225;23343;48086;11785
629;1461985;139832;90985;51136;42563;37447;25967;4523
630;1026865;56449;9769;14298;4371;10754;4350;2936
631;599475;55493;18912;25885;14315;12012;4889;1825
632;775430;265407;20015;88435;55612;29956;11456;5205
633;775430;265407;20015;88435;55612;29956;11456;5205
634;59221;19357;1853;7993;5453;3223;1623;418
635;805869;96316;3747;17342;9544;22959;2583;3733
636;730133;117657;13969;23119;4397;9916;4498;2111
637;2706744;301415;65281;90001;79121;17011;20661;14244
638;1067453;196971;17071;104734;16039;53451;17617;5772
639;325127;83040;24539;7272;13712;11386;1582;997
640;325127;83040;24539;7272;13712;11386;1582;997
641;114305;16719;2057;1607;2704;1400;1983;610
642;816799;190127;32295;36423;60292;56014;20728;10041
643;1166786;195678;48920;68997;85259;28657;16323;9094
644;635702;86916;128993;78994;65861;20297;30708;10530
645;91282;22253;2655;3240;5000;1621;1113;659
646;862031;45608;28516;14498;4996;7265;4005;2679
647;2367832;101459;40790;18927;24007;42778;18231;5955
648;1345242;63589;7388;9825;5261;13439;4852;2448
649;1345011;55270;7003;103449;56239;32771;26488;14198
650;1277358;371974;4969;24278;67912;41987;13124;9381
651;469700;225970;180438;61186;48273;39579;9479;13937
652;275069;58826;5703;8555;9779;10617;3279;1412
653;1849005;211561;94549;65082;42841;32417;13567;5241
654;1773689;283312;60328;83243;55423;56213;20340;8943
655;1384535;74922;28404;87860;76601;17590;18145;4484
656;1177078;50767;8744;9315;8478;8199;4505;844
657;2455548;116498;67299;84060;91097;47040;20357;11716
658;358434;86077;6079;26084;11328;9749;3318;3357
659;915710;16346;21945;20994;23689;12757;2360;1548
660;915710;16346;21945;20994;23689;12757;2360;1548
661;857220;213206;12985;148341;30641;51171;20378;11717
662;409100;172278;107430;79532;31731;31889;7958;10256
663;989324;194125;10779;28183;7508;11859;7866;3342
664;2777480;774409;40947;59153;35644;39253;20121;7168
665;1408532;263206;77479;86042;31546;42352;11090;4556
666;1204073;53897;8724;7348;7887;7391;3282;3305
667;1204073;53897;8724;7348;7887;7391;3282;3305
668;1443169;193697;37454;15556;44695;32721;17069;9343
669;1509941;169528;40102;32338;9202;52869;15051;7588
670;503610;108234;31500;26041;64666;27475;24315;13139
671;760510;78369;25555;5879;51865;32919;19756;11968
672;1595525;259914;27238;78519;27743;26776;10802;4638
673;1070105;355476;97891;110212;24127;35305;9545;6172
674;911564;17438;27283;5479;20707;9593;12295;3461
675;98268;35762;7984;12230;5170;7836;2709;1900
676;380045;27056;6787;9301;6726;4374;4101;3195
677;2000764;51220;6155;8878;9564;7360;3002;2955
678;358966;119288;29190;58944;22042;28310;12810;10362
679;745995;74371;78679;28042;32353;32183;6981;5527
680;745995;74371;78679;28042;32353;32183;6981;5527
681;1363147;106255;24310;8646;6500;5985;4382;1621
682;1841274;100567;5831;16489;4095;9385;6838;1271
683;575381;57040;9922;11917;20892;17431;1347;1262
684;346722;77552;26299;50215;40247;39489;16652;8274
685;2094461;178414;35396;40218;44245;25540;25586;16027
686;2426696;186333;68655;83260;48613;31618;16478;4979
687;2426696;186333;68655;83260;48613;31618;16478;4979
688;1616263;398681;55263;68814;3848;30418;19996;9569
689;151596;8019;1939;2135;1834;1216;896;322
690;456353;39981;5335;22237;14455;5882;3844;2450
691;374887;270972;19918;45151;26707;53728;21197;10046
692;1882894;222032;102842;61291;5179;39937;9718;7168
693;1114482;17993;2944;5198;9097;9567;1882;1541
694;1208410;251659;51360;46640;31940;35833;13380;12153
695;1257513;300616;125255;34235;28510;41435;33283;7512
696;432248;11207;2317;575;986;2105;1260;635
697;2382068;90931;55894;86307;143413;41110;39645;11880
698;1717088;174545;32378;39543;29140;64849;15537;9003
699;993801;28421;4465;4078;10143;7548;5566;1622
700;527507;140784;31935;62141;28837;64315;14648;10029
701;1107872;116314;17032;30414;4218;10043;4874;2974
702;805303;158576;57582;54000;16261;38032;16022;6133
703;1111453;365008;47255;37654;55150;34159;21124;6096
704;320296;221420;104869;61395;31608;39846;20730;11814
705;1468404;110957;5625;4279;13500;12650;3616;4046
706;489732;66082;9687;10364;6765;5890;3759;2919
707;228929;79227;2313;24559;7165;11190;3438;2367
708;466056;132508;175212;32420;78524;37272;20415;3933
709;639222;47339;26832;10205;11192;7513;4657;1367
710;986563;40307;8394;19473;18057;8088;6747;2191
711;719781;159494;8781;11006;12848;8216;3311;3284
712;215120;15444;978;5602;2043;2136;1305;698
713;965582;45104;16926;11525;11887;6664;5352;2987
714;965582;45104;16926;11525;11887;6664;5352;2987
715;235403;3222;326;2528;2037;2201;1297;555
716;1436758;106639;1256;12241;7451;14250;4933;3385
717;1197337;181767;106299;42145;13176;37432;9674;8079
718;639982;53437;9040;19453;7744;30425;2420;1451
719;1055348;103746;11434;11128;20696;24763;8936;1613
720;633892;44844;11385;19851;10297;2331;6509;1442
721;2018109;188123;11613;69104;29322;39449;32103;19033
722;1649286;755228;54405;71377;33532;33158;23584;7637
723;1889078;189459;134648;55461;46271;47891;37739;14835
724;909070;88563;10812;28772;14608;9302;4812;2866
725;193264;110412;7210;13585;4701;8574;2913;2092
726;315972;114648;11926;18315;7564;7805;3815;1852
727;74212;2827;2734;3615;3057;2481;702;385
728;410791;38597;8902;7336;11422;7576;3753;3118
729;2453629;437655;52234;88308;44062;41024;20357;15572
730;412609;54282;2362;14646;7574;8911;5518;3804
731;824862;122503;1697;51133;11893;12074;4567;2375
732;1623318;250115;53672;24569;51979;29238;23578;7127
733;521976;11791;6790;18409;13238;5256;7762;1628
734;521976;11791;6790;18409;13238;5256;7762;1628
735;1590852;90122;50950;27972;66279;32193;10982;6243
736;3188946;357213;47614;61438;30729;23990;18233;7190
737;990890;97039;73853;67669;56965;31422;32759;8426
738;1952301;147541;26332;213238;41692;50246;29588;6198
739;1738171;540391;58498;23628;36117;27103;17934;11767
740;736727;24241;131713;37125;25933;65323;20326;6964
741;736727;24241;131713;37125;25933;65323;20326;6964
742;510776;11695;21190;26648;5986;13656;6392;2629
743;92520;54519;161;30198;6282;4204;3193;3392
744;1489126;56683;47823;105423;102063;22992;15364;7040
745;378469;208477;48748;56180;46672;51381;16723;13061
746;1927766;37449;3681;16427;11285;7862;2572;2721
747;491864;60324;837;41331;17056;3676;4121;2661
748;1318370;55389;24785;13277;7324;8205;3762;950
749;939258;94270;23794;19636;9062;19981;2777;2709
750;2204421;28905;6645;7688;7837;6536;3280;2042
751;1893037;85092;65473;26725;36963;41118;24911;7711
752;142584;139864;4997;13636;25497;5419;2696;1783
753;1559204;96544;11799;24526;13071;13952;5648;1240
754;3132824;274900;65057;12136;39302;44409;24784;10097
755;2146209;626459;1711;52825;41376;36604;12439;5128
756;802216;20867;32060;8602;12525;8172;4143;785
757;982485;77914;5912;7439;10367;7703;3767;2567
758;1060555;115804;1276;36784;24441;4230;4985;1523
759;471770;58234;123799;60779;46609;42226;14580;4167
760;260434;31183;2605;10718;3598;2369;1792;652
761;260434;31183;2605;10718;3598;2369;1792;652
762;1297693;135732;101639;66243;132754;108829;33619;13382
763;1542199;89028;45863;62706;33275;70633;16876;11019
764;110008;17509;3241;1033;1592;3467;720;334
765;796187;670695;28726;11923;29637;21132;20336;14371
766;466123;99842;8156;78130;25513;60310;16885;4237
767;355337;10532;1633;5699;6252;3682;646;533
768;355337;10532;1633;5699;6252;3682;646;533
769;1489814;334463;139532;26355;32725;30718;9451;13459
770;92837;22526;1603;6745;804;2484;1091;338
771;556482;135530;5599;14579;6800;10894;2284;1881
772;987654;500933;97409;31128;30510;56208;21535;12519
773;1030479;23527;28675;8348;1581;9557;3436;2161
774;225864;30376;4288;2163;1286;3432;929;438
775;1003258;20411;12590;7245;7898;9124;4908;2462
776;275987;200226;69002;86191;35985;26241;22247;11200
777;73331;96658;23284;11162;5764;17863;3028;1522
778;272836;31196;26349;20058;3709;6366;3789;3390
779;937724;78710;20843;50132;23195;31951;24399;4803
780;249356;5627;3199;9911;1775;4826;648;422
781;2789853;300051;39056;61624;47852;63400;12458;4301
782;1141428;169155;40831;57883;52211;81397;9386;6534
783;44142;55904;962;5110;2256;1793;1309;281
784;1404314;216163;37504;115721;37766;27890;14848;7998
785;1593726;87733;85147;113217;25905;34829;17091;15133
786;1282266;328767;15371;42668;19830;46192;16297;6024
787;482435;63492;5935;24896;8098;8047;2588;2341
788;887109;23374;15791;5984;12195;9273;7283;1672
789;1073895;662727;26524;25644;89836;54798;52886;7139
790;695932;39102;24057;6008;11583;13526;3269;1128
791;771590;115204;3023;6717;12975;19198;2936;5651
792;399029;200148;18235;3396;12906;10817;3190;1437
793;234358;103171;12052;12399;25279;16910;4429;2624
794;72497;30744;15622;10226;13342;5843;6549;734
795;604668;51178;24330;4890;11296;7238;2970;833
796;987363;114245;60717;111443;46928;51000;30816;5047
797;290207;37190;26809;6242;9093;8564;2579;1261
798;1774203;502194;73738;31690;16686;48542;8619;5017
799;712157;53981;38425;12940;14757;5160;5792;1055
800;549544;40086;21421;16813;16707;11952;5076;1293
801;1428297;73205;22614;17476;10563;8340;2425;1576
802;1079818;56285;16920;11161;4862;12467;3548;1540
803;1455164;61441;7356;10074;5149;7911;2981;1009
804;899565;33688;94999;12388;11321;25024;4138;6750
805;921876;33309;13076;21354;15752;23084;3095;1313
806;570433;9682;4926;3329;2893;1446;725;668
807;1572174;297902;9147;42380;48880;28576;26301;12038
808;766954;23463;20676;4965;4538;14341;6320;1444
809;766954;23463;20676;4965;4538;14341;6320;1444
810;303873;60927;32837;83134;39780;16964;13709;9487
811;1472230;96989;10532;6735;20049;7796;2974;1378
812;1472230;96989;10532;6735;20049;7796;2974;1378
813;110826;130500;29629;74023;50103;35504;16669;5553
814;110826;130500;29629;74023;50103;35504;16669;5553
815;110826;130500;29629;74023;50103;35504;16669;5553
816;585708;26151;21785;23544;13100;9152;2608;1785
817;58842;5141;2290;3998;1949;2537;1211;481
818;1891083;142837;62127;75330;87377;46501;17473;9819
819;874376;500193;35428;48924;22102;87693;13970;7256
820;737339;97076;10589;25183;11835;12771;6610;3857
821;486231;58438;7634;11525;12296;10163;7021;2811
822;862061;83727;3684;17300;13567;16082;6644;2335
823;734870;23401;3913;18013;4312;9447;6140;2325
824;240000;15533;3517;7180;2507;1224;1502;313
825;681590;113770;16348;24390;9519;5991;5401;2528
826;192886;27619;12548;11839;9496;6674;3082;1605
827;550249;170801;34391;58663;20717;67214;7641;5335
828;689546;292598;12367;51695;39013;18862;6120;7043
829;474956;109096;14630;32406;12080;13436;6562;1043
830;747708;39830;5105;25716;2806;5031;4189;2633
831;1462639;151901;52506;31857;42815;34032;7209;5988
832;1877994;123446;2553;16442;25038;14478;10689;2110
833;1108292;69503;10079;7481;16445;10880;4370;3718
834;1108292;69503;10079;7481;16445;10880;4370;3718
835;2617569;235431;47475;23734;44280;30819;16494;20850
836;463472;165101;42602;66653;80135;23363;12805;8089
837;247348;6247;517;1464;688;3160;780;325
838;1480930;108825;34798;1836;9067;7059;7600;3624
839;59168;3814;2731;2031;3743;2316;1058;231
840;387371;135783;6684;4175;11349;9529;5816;1884
841;387371;135783;6684;4175;11349;9529;5816;1884
842;1710318;624097;136552;36392;44867;44241;30323;6124
843;631652;130960;22869;31038;45932;37974;14819;11303
844;693703;93229;24670;2062;13497;20648;3564;650
845;693703;93229;24670;2062;13497;20648;3564;650
846;701630;63399;10553;15067;16519;11825;6095;4734
847;58440;23500;704;1134;2383;827;871;498
848;493034;40978;1735;7253;17946;18664;4483;544
849;1011684;41418;14773;24668;8488;5001;3304;1663
850;298522;112878;127163;29911;83805;57765;9256;13002
851;1507966;1094143;15284;27417;23334;56577;20186;8639
852;1185544;55422;13515;2910;11901;6877;4157;1361
853;1208839;30094;7455;34353;10416;14098;2159;1703
854;698301;58724;25228;6112;17872;8268;7280;1077
855;1416607;46053;18398;9662;11113;5971;2891;2423
856;1399830;43610;13625;6188;9862;15251;3541;1122
857;1023026;161062;32116;36789;21795;25813;19477;3951
858;665011;234020;15244;66816;31192;117301;5599;13118
859;410761;263660;44942;27417;64856;45772;7642;7804
860;84856;80928;4728;12834;16880;12144;2635;2337
861;84856;80928;4728;12834;16880;12144;2635;2337
862;927696;188332;21000;15512;23922;5608;6149;1496
863;872600;121224;58960;43631;34811;49559;31766;5672
864;823685;10577;4109;7509;3416;11104;1813;1971
865;2505011;201037;80901;23906;48458;53582;25207;7602
866;633545;179835;10116;69634;20863;17176;19023;5087
867;370426;159899;34250;53204;84950;31135;14131;2479
868;370426;159899;34250;53204;84950;31135;14131;2479
869;294791;66052;5932;8517;15413;13848;4695;1099
870;861313;77047;20777;39260;71061;24967;12285;4700
871;864835;33565;36081;8156;18838;24405;5560;3217
872;2021852;523337;36693;25049;25305;46771;16026;9730
873;1391746;149136;160710;43641;26115;44860;8084;7947
874;121337;94644;64872;57736;30127;51239;26878;4551
875;690197;66526;10969;13403;22246;5929;1722;1952
876;863511;27063;24512;28536;1612;13681;5817;3656
877;1351595;50052;6380;15341;10226;10280;8663;1086
878;389985;20578;5635;39875;6621;4270;2426;1498
879;953216;66757;74978;21933;23428;37115;11684;10608
880;394631;168760;10728;53636;48505;93241;13328;5999
881;394631;168760;10728;53636;48505;93241;13328;5999
882;863588;188400;33711;34584;54067;49785;5379;9585
883;1841275;34975;4045;13817;8784;2972;4934;2256
884;893042;60380;6505;9863;20833;3321;5949;1563
885;928784;52643;204492;48756;31517;28505;19517;4229
886;709804;103583;51156;34432;46758;24482;33018;5215
887;599680;21366;28818;26528;3765;3969;4693;3417
888;599680;21366;28818;26528;3765;3969;4693;3417
889;382887;81060;6747;13401;7711;6744;6336;2674
890;918290;24536;4094;26960;4442;5978;3160;1576
891;248772;73681;18149;52906;22387;41238;10467;3368
892;761844;56701;18097;10152;5326;11682;2581;973
893;180025;2571;164;5504;600;2857;677;361
894;115019;5235;1108;3571;1821;1871;1002;413
895;468991;59376;46203;37664;39211;22517;15311;4748
896;565371;70422;31803;6293;5653;6687;4824;3020
897;50486;132209;64960;38955;26154;22406;17329;7413
898;968152;222487;127546;34398;79023;35644;18229;9174
899;359645;21250;6580;47093;9478;3857;3440;1215
900;1047090;35682;32527;3321;9866;4357;4040;47823
901;505993;175646;19944;6331;13847;5302;5698;49539
902;2071959;376291;56895;33504;8737;45975;7711;196770
903;1440044;963167;13364;72493;24302;34738;19800;187308
904;281687;41912;21669;9691;6942;12685;2822;56575
905;281687;41912;21669;9691;6942;12685;2822;56575
906;580738;68837;18947;2775;9204;4770;1090;45901
907;178466;7546;602;1647;1013;2067;1061;12053
908;92108;25433;1624;804;2245;654;1910;10594
909;31515;7906;1763;1584;2604;2083;450;10500
910;587979;87154;6555;12722;7995;4111;3267;39552
911;1089987;654420;108693;19450;35285;56356;25115;158634
912;1089987;654420;108693;19450;35285;56356;25115;158634
913;208830;56120;8975;11153;3855;3533;7366;35219
914;1147860;157159;47693;17527;7147;4408;6360;43904
915;812376;114108;8922;8633;3649;7572;6409;39338
916;63474;27175;4432;2252;1117;1383;955;8929
917;918859;56764;6621;4872;14340;5502;2201;39640
918;726451;60912;11574;11465;1893;4410;3639;26869
919;796409;155765;56829;25558;34810;18283;19944;144984
920;781570;113493;5503;10049;8236;10584;6390;36956
921;1319184;119118;10902;9163;6414;11428;4424;36133
922;3133240;148988;36014;78802;59251;21902;23440;189044
923;650800;78561;19928;3915;22421;6556;4756;24425
924;207092;132098;2486;8016;3361;6010;3246;18075
925;181064;271588;61090;71585;6549;26511;11492;104812
926;432555;45714;31837;1436;3439;9851;3457;19416
927;146692;39959;3085;1816;1276;1720;1223;6961
928;493558;179196;28400;18129;41573;12009;6374;33471
929;2723527;159235;45418;43546;91178;43636;32751;93618
930;439236;42444;3113;2058;2257;4434;1031;7174
931;2441871;86197;4689;39708;42064;26481;22844;85105
932;2441871;86197;4689;39708;42064;26481;22844;85105
933;1648252;321054;57464;62108;67720;32537;11926;67181
934;966685;117247;38561;32936;15144;17968;4443;23933
935;819292;185824;51508;6842;16464;8903;12330;37301
936;239949;67224;20098;13345;4926;11189;2959;31388
937;663737;8371;20009;1748;2897;7453;3217;25033
938;61970;9384;2721;17930;8847;10651;4649;30712
939;61970;9384;2721;17930;8847;10651;4649;30712
940;210092;105318;2997;12249;9267;5108;3172;30554
941;791949;10949;2008;5221;5322;5626;1578;30672
942;1075808;86046;26856;22163;7189;12300;4670;27670
943;316121;66780;25619;39813;15712;40954;11116;118468
944;735021;146653;30923;8392;13370;13664;8005;144086
945;2018507;240630;21889;53281;18556;23106;15149;161660
946;575786;11138;7200;1749;2601;3172;1276;7423
947;249913;240491;3035;27029;6005;9581;3777;32535
948;2740514;77287;8628;38908;28143;19703;13528;126772
949;2733544;56943;52868;69861;39863;32765;8702;137558
950;1780876;53950;17770;7887;3837;8509;3478;34914
951;920817;104185;4270;14125;18973;8332;3787;30848
952;706107;97156;44051;11659;8206;7701;2970;37967
953;1419929;201237;32628;25792;20907;13207;5858;133201
954;298739;129442;36612;8225;2972;11654;2130;31646
955;772980;71487;15587;14117;4381;6585;4513;35201
956;2390607;418397;41799;96254;81872;40677;24963;106451
957;1770574;136470;67362;29231;39258;52409;26669;178089
958;263892;122212;9757;5842;9073;4688;2829;42044
959;1438305;543875;11348;34255;22506;20093;15831;129508
960;2015375;1106344;48745;127022;77910;15326;9280;123676
961;359892;17576;5854;780;1397;1430;531;5930
962;1053747;254356;5898;7051;12212;7684;5855;32448
963;325519;72848;8218;6593;9255;7737;1151;18902
964;640916;202098;92183;16098;34234;68497;5807;69527
965;476263;31015;18702;18751;4376;4798;3853;28721
966;476263;31015;18702;18751;4376;4798;3853;28721
967;751758;55849;18420;9760;4960;9429;7724;27488
968;713419;85150;8749;10113;7663;4281;2762;27926
969;1210612;101154;2839;2564;7095;8183;2276;28608
970;459593;85158;17643;12860;6134;5373;1831;24792
971;247206;45896;10771;6801;8128;7685;5886;33622
972;59978;8072;1603;1085;1925;599;532;6517
973;979241;198412;150535;73383;38422;13558;13624;52959
974;1414512;89130;8725;15351;14650;8066;3651;26775
975;1031328;16716;3223;2189;3596;5017;3046;17033
976;853755;45849;17127;31507;21419;14919;10714;58194
977;2705791;154909;99673;59625;49598;32485;33105;27644
978;785778;160616;17694;46992;24221;46781;9995;47122
979;207269;11407;3530;1554;2329;2727;538;3114
980;83823;6601;1674;1272;3172;1738;1120;3416
981;636844;133808;31214;42707;39765;14136;12583;45485
982;65701;12543;1144;1855;1382;1986;1433;4003
983;1142022;124193;23112;34426;56320;36702;21329;45133
984;1827060;231138;17388;24978;19009;29127;13488;52348
985;550286;51855;9744;7738;6049;6317;1228;16257
986;550286;51855;9744;7738;6049;6317;1228;16257
987;63745;122533;31913;12050;24255;39475;8705;47899
988;2128946;46948;29585;43733;25210;16958;18694;40519
989;281554;39664;68435;20807;38635;21749;13379;48590
990;320274;114190;28312;29801;9723;64679;5090;45438
991;951029;201378;14596;93786;19570;48178;4821;49891
992;422482;67207;22364;57386;48901;25371;17634;32397
993;422482;67207;22364;57386;48901;25371;17634;32397
994;1501719;222451;14576;33908;77121;34287;22007;43061
995;128216;46211;22527;8896;19863;32582;6222;64827
996;1580488;66614;31109;25275;16288;33294;18013;59381
997;1716402;220577;57788;55714;42642;19388;16606;34264
998;440531;50660;14561;8470;4893;11154;2824;14553
999;1456906;102497;151730;21663;28965;38055;12053;61476
1000;208327;25671;4618;6382;7564;5888;3866;10792
1001;1258460;53562;16131;7257;10090;4198;6029;17364
1002;1844772;84122;14802;13359;49871;32912;13331;72560
1003;248950;60755;23501;105208;36992;20856;26630;57065
1004;553009;168188;74395;20671;34383;24069;11541;42162
1005;202496;5399;3090;935;989;1753;650;2528
1006;202496;5399;3090;935;989;1753;650;2528
1007;876282;132667;80249;29385;24922;21340;71035;26910
1008;1173261;206178;43559;18408;6514;15400;10928;18942
1009;141386;131659;6849;24013;13300;6381;6763;11088
1010;551929;108692;24824;7530;2707;15991;7496;8070
1011;353089;50152;17800;3229;18616;4782;9244;14755
1012;45858;65325;52131;55215;16765;36668;14573;43608
1013;45858;65325;52131;55215;16765;36668;14573;43608
1014;296290;32938;5743;4026;4191;6085;1286;14025
1015;683969;86338;13126;26518;39195;19079;17520;54304
1016;221794;147070;19631;63903;53175;43116;10433;49616
1017;584721;17798;30735;20279;45891;34968;19015;52091
1018;112315;63690;6505;5895;5700;5552;2527;13526
1019;2379356;178021;39191;39126;17278;19167;14405;43772
1020;2261589;88119;37798;67422;90996;27474;42566;44533
1021;528470;45898;26574;31827;38952;44027;11617;64798
1022;801153;32481;84171;28221;25853;26955;16596;49138
1023;987850;68828;14993;5756;13978;3960;2399;12695
1024;1251711;17773;14737;3434;10651;8220;2299;14213
1025;35450;76860;48171;8129;37488;39749;12708;32773
1026;1315023;31798;6611;15902;4468;4207;2163;9420
1027;1588202;29021;87739;37035;32441;30109;14232;42551
1028;1255847;68964;56641;24112;33952;35808;11656;40610
1029;1682985;79733;23685;22928;79485;46446;7343;34678
1030;681635;75323;49413;26489;13419;29353;19264;52075
1031;1593717;230314;22265;22248;28391;40133;15626;51097
1032;843907;135367;2525;11906;12522;9144;6486;8894
1033;843907;135367;2525;11906;12522;9144;6486;8894
1034;1648798;196746;28680;30313;96876;17982;11522;30530
1035;856258;52743;38621;12120;27900;98729;8034;27303
1036;514132;134472;73197;54921;22287;18889;12630;34542
1037;29578;17063;4517;1346;1238;2544;1171;2034
1038;1096186;161941;30688;45425;86758;30668;24770;29935
1039;33093;82504;2885;9013;3689;9413;5082;14786
1040;33093;82504;2885;9013;3689;9413;5082;14786
1041;2213230;97575;102663;18406;71926;15646;9063;53985
1042;2546923;139746;69152;14464;19121;44210;23974;59769
1043;945655;200549;45747;42135;14924;43000;15935;20667
1044;951001;59251;42009;37864;26037;29541;21076;50865
1045;647293;89567;55717;15531;27011;23782;8800;42996
1046;246384;21653;576;18304;7793;4852;3070;10274
1047;84767;26799;5554;15435;8242;7657;2750;12326
1048;1372252;631915;95591;38261;60347;32444;22935;53185
1049;1351816;116532;30453;54454;30005;35497;12015;62905
1050;89244;118836;21918;14987;14315;9409;4372;5092
1051;644539;34209;12554;8599;8171;19083;3614;14340
1052;1087504;197799;2090;41322;4686;9613;4291;10817
1053;661062;72255;10712;8905;12008;14143;2581;12991
1054;943086;70260;5104;27481;5238;15828;3822;6257
1055;94364;8016;5504;5406;5423;2063;694;1741
1056;235609;46242;1843;2307;1920;1914;1374;2120
1057;715893;82874;20643;14118;19555;19039;4147;12538
1058;779748;46878;19935;6818;15511;22044;4913;12471
1059;1007167;67210;18642;3993;6046;6193;4182;11985
1060;1007167;67210;18642;3993;6046;6193;4182;11985
1061;176216;13118;1065;2149;1449;2389;2522;2794
1062;980304;1130121;77420;256330;72281;54714;29674;39718
1063;302157;19690;7989;8327;5178;8438;7852;8251
1064;98347;86517;23987;5635;10901;8105;6417;7732
1065;513825;194419;13016;65346;20699;24493;23208;23465
1066;3458751;282410;333604;43206;65839;119359;42642;133235
1067;3458751;282410;333604;43206;65839;119359;42642;133235
1068;1556518;119316;25010;6903;22827;34547;6009;71990
1069;319770;30029;8722;6136;6514;3894;2662;15238
1070;1126089;107806;34655;15119;19810;7667;10742;46028
1071;698448;106062;19891;9574;2995;10248;2695;37582
1072;3191324;351969;126288;11231;33565;22866;26138;177611
1073;1521222;105108;21006;18676;5904;16391;6588;45851
1074;1167445;44713;13339;2639;43007;10445;6220;35815
1075;988468;1266030;199483;522279;165110;125526;110594;443145
1076;2390256;298930;24882;21036;40611;34212;14703;75160
1077;1322966;235339;43121;73663;31735;28437;21766;39450
1078;135476;25329;6137;14317;3594;11300;5474;13746
1079;850086;29002;4258;7157;3826;2585;4302;20777
1080;1893995;125729;14995;60130;57725;30429;17479;47179
1081;635086;144817;37058;32039;47689;25579;16143;52330
1082;489122;26772;61491;14043;14142;41004;9887;42076
1083;1423556;63223;34736;40002;88687;44794;17069;79336
1084;137030;58557;5352;3520;7910;5879;2807;16618
1085;1021406;10453;4630;2945;12660;4696;1224;15206
1086;2428510;106463;6066;17322;59307;33030;33170;44798
1087;2428510;106463;6066;17322;59307;33030;33170;44798
1088;755361;214137;4703;6589;10441;15900;13106;9484
1089;440562;44423;18119;24813;8307;7703;3592;12698
1090;1087215;243941;50633;58708;34302;31397;15391;44117
1091;1700403;139305;19068;10573;36740;20161;27220;43097
1092;135009;28455;1973;3895;1981;1492;1425;2617
1093;1028778;152570;74196;17902;26173;60668;36808;49844
1094;606721;68447;80655;29463;21139;26327;22247;38302
1095;443353;28962;12649;43660;11756;8419;8711;39843
1096;2427392;133988;63642;22210;37506;50975;25355;41235
1097;223105;11880;1570;18710;7407;4814;6363;11944
1098;604613;176677;25604;7902;16798;12041;4407;14218
1099;1440177;193570;56704;27687;19360;38003;21505;19452
1100;89851;12248;13746;4034;6653;4270;2562;11527
1101;724055;344636;38297;56938;7208;7358;12442;15666
1102;1073079;151292;12419;7291;8218;12954;18244;29606
1103;2621283;184549;11497;39025;46595;20625;34497;72044
1104;2399047;66639;17207;16407;21578;34729;12312;87555
1105;597137;91682;27766;25532;19916;31661;18682;77301
1106;1552423;28091;1655;9788;11546;3239;5264;23354
1107;1552423;28091;1655;9788;11546;3239;5264;23354
1108;144598;38034;7549;32341;30879;42681;10362;107747
1109;1439982;222069;4490;53276;74912;20823;8913;117992
1110;869482;57163;9663;2537;8748;7279;2994;19688
1111;386894;49153;7310;6661;8973;4172;3206;19983
1112;1295487;69306;14611;7262;10008;6865;2002;16887
1113;103619;25774;600;3238;4428;2499;307;4675
1114;569802;262154;213798;97004;16607;33381;24194;94459
1115;527668;209780;33971;27061;16271;25089;18835;70274
1116;632354;83446;37567;121307;27465;25407;9106;98909
1117;516119;46481;15980;7668;8832;9889;4714;25527
1118;752066;52083;38175;14568;12332;18228;13631;52255
1119;767225;129654;77748;16503;60113;34129;13030;57209
1120;809271;174152;21053;65211;7449;37205;26484;62305
1121;578909;58172;9227;6107;14470;8520;4466;14429
1122;454539;157884;7743;4698;8344;3952;3630;13716
1123;1048166;74121;14285;5889;8319;7200;4328;13107
1124;46932;9243;704;1817;1131;1909;485;3955
1125;1863114;219147;9507;50120;58009;23828;16588;13977
1126;771002;38015;4335;16500;26087;10853;5020;19079
1127;728094;27821;5121;6856;2190;9457;2569;15486
1128;27816;5978;1088;690;1942;494;828;3838
1129;1185394;242749;35381;35910;20595;25504;8709;63427
1130;456693;64079;46633;20270;18104;26574;17164;60674
1131;449666;157849;65277;23121;24504;11630;11095;77932
1132;909892;48363;4952;2878;1713;11076;6171;21076
1133;672141;50337;15313;1946;3511;7154;3102;15678
1134;672141;50337;15313;1946;3511;7154;3102;15678
1135;822183;28211;15160;4945;13747;4519;2900;20566
1136;38308;65422;9536;1783;1550;6008;1994;18577
1137;321880;66851;13801;5157;2383;5109;2275;15360
1138;1032113;73636;28497;11326;18316;21657;5640;67029
1139;2102226;218477;82008;16424;19553;13513;11531;70222
1140;379398;21871;5157;6951;11596;5598;2561;18529
1141;379398;21871;5157;6951;11596;5598;2561;18529
1142;281756;39919;21123;30945;62444;41170;8780;75594
1143;75623;50621;65480;28522;15958;30684;12738;76840
1144;27224;9824;1337;3559;1101;2000;1519;4249
1145;413264;185099;23006;26406;29194;27517;15343;62330
1146;904237;42591;15171;13665;36055;34830;11242;80728
1147;3111644;317010;86781;31134;19883;32615;10352;54765
1148;1104838;201587;11957;66775;22090;20745;14511;52056
1149;703458;54082;3592;12088;3887;6265;1694;17511
1150;2480095;68076;85469;17951;13655;28984;17863;86571
1151;1005339;64783;19248;3758;9860;3273;4215;19824
1152;329554;12899;2662;3184;2052;3245;719;5018
1153;564797;347621;30576;27543;35328;73674;13187;81836
1154;12118;2836;942;825;687;2435;312;4271
1155;1358544;108812;25520;10511;12777;14233;5501;27857
1156;525039;18520;12820;13668;5994;10297;4129;27743
1157;130005;40249;10638;6133;3080;3749;7361;24161
1158;1139012;114591;9991;1829;19454;5743;2536;17832
1159;2017819;71885;76125;26782;24617;48660;17726;36521
1160;471284;172857;53189;31381;57633;31524;8828;112267
1161;679020;36150;6197;16816;14097;3989;2080;11021
1162;557601;79981;31638;14803;18443;37862;4489;28869
1163;1150631;153449;44413;40235;16167;21271;19832;52892
1164;443257;111574;74552;91575;66693;31658;15080;46776
1165;2191586;168252;82617;24300;30764;19100;10327;59391
1166;1188489;172119;9463;45713;57009;17966;27813;50654
1167;1063725;50780;32321;42199;31487;22986;12678;31850
1168;1063725;50780;32321;42199;31487;22986;12678;31850
1169;324897;22391;17468;25870;22026;23118;17710;39590
1170;780638;266291;11912;6256;13229;21644;8393;54492
1171;283687;40761;14997;10339;3283;3438;2464;9851
1172;101038;243842;67422;13480;12201;11088;12492;33182
1173;769469;24564;22530;6282;3480;5030;1418;10348
1174;476514;194551;22611;49243;23294;38189;9126;53200
1175;433408;101526;36488;17366;24917;16075;8608;31985
1176;308363;42668;27395;29306;67446;25154;19038;49177
1177;329826;80322;13484;5221;14039;6364;4146;14343
1178;843939;54040;38431;19034;26249;17060;14494;61246
1179;952600;68823;26217;27334;47742;44794;13263;46434
1180;441962;102839;12651;66412;23639;20713;6970;45475
1181;441962;102839;12651;66412;23639;20713;6970;45475
1182;1701298;227440;28914;11559;21562;12121;6623;45360
1183;669870;74330;6714;18159;26997;30370;8760;40620
1184;1706037;199753;62297;25256;22814;23329;23878;63657
1185;1396374;91911;16524;29673;26183;28531;5478;37347
1186;285655;81101;5722;13132;8377;5875;1983;12452
1187;73467;7617;2513;1546;1927;1472;787;2978
1188;73467;7617;2513;1546;1927;1472;787;2978
1189;1525103;109607;152426;22189;18906;26369;31681;30111
1190;2244856;361824;83734;134396;37800;33038;12111;22506
1191;625102;139392;42065;4297;5698;9047;10698;5953
1192;114142;12739;9680;19481;7509;6662;5067;24486
1193;972536;34443;57001;80876;19221;13797;7942;51495
1194;949423;44123;8333;20754;8847;6676;2839;11447
1195;135922;4033;3225;2741;4269;2578;873;5462
1196;988014;155413;9446;38259;24849;24735;10528;59713
1197;389292;52047;35137;68457;39972;13074;9235;47163
1198;1151861;426982;83518;24677;34423;18820;21495;69482
1199;1700570;108533;40133;3237;29729;33667;15777;57644
